unit,header
HarvestFull/harvest/CHarvestFullMain.cpp,Steam/inc/steamclientpublic.h
HarvestFull/harvest/CHarvestFullMain.cpp,ox/IUnknown.h
HarvestFull/harvest/CHarvestFullMain.cpp,ox/core/CString.h
HarvestFull/harvest/CHarvestFullMain.cpp,/Developer/SDKs/MacOSX10.6.sdk/usr/include/c++/4.2.1/bits/stl_vector.h
HarvestFull/harvest/CHarvestFullMain.cpp,HarvestFull/harvest/CHarvestFullMain.h
HarvestFull/harvest/CHarvestFullMain.cpp,Steam/inc/steam_api.h
HarvestFull/harvest/CHarvestFullMain.cpp,/Developer/SDKs/MacOSX10.6.sdk/usr/include/c++/4.2.1/bits/stl_construct.h
HarvestFull/harvest/CHarvestFullMain.cpp,/Developer/SDKs/MacOSX10.6.sdk/usr/include/c++/4.2.1/ext/new_allocator.h
HarvestFull/harvest/entity/CAlienEntity.cpp,HarvestFull/harvest/entity/CAlienEntity.h
HarvestFull/harvest/entity/CAlienEntity.cpp,ox/core/CBasic.h
HarvestFull/harvest/entity/CAlienEntity.cpp,HarvestFull/harvest/ECustomEvents.h
HarvestFull/harvest/entity/CAlienEntity.cpp,ox/core/CRect.h
HarvestFull/harvest/entity/CAlienEntity.cpp,ox/core/CVector3d.h
HarvestFull/harvest/entity/CAlienEntity.cpp,HarvestFull/harvest/game/CWorld.h
HarvestFull/harvest/entity/CAlienEntity.cpp,ox/core/CVector2d.h
HarvestFull/harvest/entity/CAlienEntity.cpp,/Developer/SDKs/MacOSX10.6.sdk/usr/include/c++/4.2.1/bits/stl_list.h
HarvestFull/harvest/entity/CAlienEntity.cpp,/Developer/SDKs/MacOSX10.6.sdk/usr/include/c++/4.2.1/bits/stl_iterator.h
HarvestFull/harvest/entity/CAlienEntity.cpp,ox/core/CPosition2d.h
HarvestFull/harvest/entity/CAlienEntity.cpp,HarvestFull/harvest/entity/CHarvestEntity.h
HarvestFull/harvest/entity/CBuildableItems.cpp,/Developer/SDKs/MacOSX10.6.sdk/usr/include/c++/4.2.1/bits/vector.tcc
HarvestFull/harvest/entity/CBuildableItems.cpp,/Developer/SDKs/MacOSX10.6.sdk/usr/include/c++/4.2.1/bits/stl_algobase.h
HarvestFull/harvest/entity/CBuildableItems.cpp,HarvestFull/harvest/entity/CBuildableItems.h
HarvestFull/harvest/entity/CBuildableItems.cpp,ox/game/CTextLocalization.h
HarvestFull/harvest/entity/CBuildingEntity.cpp,HarvestFull/harvest/entity/CBuildingEntity.h
HarvestFull/harvest/entity/CConstructionEntity.cpp,HarvestFull/harvest/entity/CConstructionEntity.h
HarvestFull/harvest/entity/CCreativeEntity.cpp,ox/video/SColor.h
HarvestFull/harvest/entity/CCreativeEntity.cpp,HarvestFull/harvest/entity/CCreativeEntity.h
HarvestFull/harvest/entity/CCreativeEntity.cpp,HarvestFull/harvest/game/CLuaManager.h
HarvestFull/harvest/entity/CCreativeEntity.cpp,/Developer/SDKs/MacOSX10.6.sdk/usr/include/c++/4.2.1/bits/stl_uninitialized.h
HarvestFull/harvest/entity/CDefenseTowerEntity.cpp,HarvestFull/harvest/entity/CEntityManager.h
HarvestFull/harvest/entity/CDefenseTowerEntity.cpp,HarvestFull/harvest/entity/CDefenseTowerEntity.h
HarvestFull/harvest/entity/CDropshipEntity.cpp,HarvestFull/harvest/entity/CDropshipEntity.h
HarvestFull/harvest/entity/CEntityManager.cpp,/Developer/SDKs/MacOSX10.6.sdk/usr/include/c++/4.2.1/bits/stl_iterator_base_funcs.h
HarvestFull/harvest/entity/CMineralsEntity.cpp,HarvestFull/harvest/entity/CMineralsEntity.h
HarvestFull/harvest/entity/CMinerEntity.cpp,HarvestFull/harvest/entity/CMinerEntity.h
HarvestFull/harvest/entity/CMissileTurretEntity.cpp,HarvestFull/harvest/settings/CAlienPriorities.h
HarvestFull/harvest/entity/CMissileTurretEntity.cpp,/Developer/SDKs/MacOSX10.6.sdk/usr/include/c++/4.2.1/bits/stl_algo.h
HarvestFull/harvest/entity/CMissileTurretEntity.cpp,HarvestFull/harvest/entity/CMissileTurretEntity.h
HarvestFull/harvest/entity/CMissileTurretEntity.cpp,/Developer/SDKs/MacOSX10.6.sdk/usr/include/c++/4.2.1/bits/stl_heap.h
HarvestFull/harvest/entity/CPerimeterBomb.cpp,HarvestFull/harvest/entity/CPerimeterBomb.h
HarvestFull/harvest/entity/CShuttleEntity.cpp,HarvestFull/harvest/entity/CShuttleEntity.h
HarvestFull/harvest/entity/CSparkEntity.cpp,HarvestFull/harvest/entity/CSparkEntity.h
HarvestFull/harvest/entity/CSparkMoverEntity.cpp,HarvestFull/harvest/entity/CSparkMoverEntity.h
HarvestFull/harvest/entity/CSparkProducerEntity.cpp,HarvestFull/harvest/entity/CSparkProducerEntity.h
HarvestFull/harvest/game/CLuaManager.cpp,HarvestFull/harvest/entity/CMineralsEntity.h
HarvestFull/harvest/game/CLuaManager.cpp,HarvestFull/harvest/ECustomEvents.h
HarvestFull/harvest/game/CLuaManager.cpp,HarvestFull/harvest/entity/CBuildingEntity.h
HarvestFull/harvest/game/CLuaManager.cpp,HarvestFull/harvest/entity/CAlienEntity.h
HarvestFull/harvest/game/CLuaManager.cpp,HarvestFull/harvest/game/CScenario.h
HarvestFull/harvest/game/CLuaManager.cpp,HarvestFull/harvest/game/CLuaManager.h
HarvestFull/harvest/game/CLuaManager.cpp,HarvestFull/harvest/game/CWorld.h
HarvestFull/harvest/game/CLuaManager.cpp,HarvestFull/harvest/entity/CConstructionEntity.h
HarvestFull/harvest/game/CLuaManager.cpp,HarvestFull/harvest/entity/CPerimeterBomb.h
HarvestFull/harvest/game/CLuaManager.cpp,ox/core/CStringFunctions.h
HarvestFull/harvest/game/CLuaManager.cpp,HarvestFull/harvest/entity/CCreativeEntity.h
HarvestFull/harvest/game/CLuaManager.cpp,ox/core/CArray.h
HarvestFull/harvest/game/CLuaManager.cpp,ox/lua/lunar.h
HarvestFull/harvest/game/CScenario.cpp,/Developer/SDKs/MacOSX10.6.sdk/usr/include/c++/4.2.1/bits/list.tcc
HarvestFull/harvest/game/CScenario.cpp,HarvestFull/harvest/gui/CStoryScreen.h
HarvestFull/harvest/game/CThreatLevel.cpp,ox/algo/CArrayFunctions.h
HarvestFull/harvest/game/CThreatLevel.cpp,HarvestFull/harvest/game/CThreatLevel.h
HarvestFull/harvest/game/CWorld.cpp,ox/core/CDimension2d.h
HarvestFull/harvest/game/CWorld.cpp,HarvestFull/harvest/game/CWorld.h
HarvestFull/harvest/game/CWorld.cpp,ox/algo/CRand.h
HarvestFull/harvest/gfx/CScatterShader.cpp,ox/core/CMatrix4.h
HarvestFull/harvest/gfx/CScatterShader.cpp,ox/scene/ISceneNode.h
HarvestFull/harvest/gfx/CScatterShader.cpp,ox/video/IShaderConstantSetCallBack.h
HarvestFull/harvest/gui/CAchievementsScreen.cpp,HarvestFull/harvest/ECustomEvents.h
HarvestFull/harvest/gui/CAchievementsScreen.cpp,ox/gui/IGUIElement.h
HarvestFull/harvest/gui/CHighscoreScreen.cpp,HarvestFull/harvest/gui/CHighscoreScreen.h
HarvestFull/harvest/gui/CPriorityScreen.cpp,HarvestFull/harvest/settings/CAlienPriorities.h
HarvestFull/harvest/gui/CSaveGameScreen.cpp,HarvestFull/harvest/settings/CSavestateInfo.h
HarvestFull/harvest/gui/CSaveGameScreen.cpp,HarvestFull/harvest/gui/CSaveGameScreen.h
HarvestFull/harvest/gui/CStoryScreen.cpp,HarvestFull/harvest/gui/CStoryScreen.h
HarvestFull/harvest/settings/CSystemConfig.cpp,HarvestFull/harvest/settings/CSystemConfig.h
HarvestFull/harvest/states/CMainMenuState.cpp,ox/core/CLine3d.h
HarvestFull/harvest/states/CMainMenuState.cpp,HarvestFull/harvest/ECustomEvents.h
HarvestFull/harvest/states/CPlayState.cpp,HarvestFull/harvest/game/CWorld.h
HarvestFull/harvest/states/CPlayState.cpp,ox/video/IParticlePackage.h
HarvestFull/harvest/states/CPlayState.cpp,ox/core/ICipher.h
HarvestFull/harvest/states/CPlayState.cpp,HarvestFull/harvest/entity/CConstructionEntity.h
HarvestFull/harvest/states/CPlayState.cpp,HarvestFull/harvest/entity/CSparkProducerEntity.h
HarvestFull/harvest/states/CPlayState.cpp,HarvestFull/harvest/game/CScenario.h
HarvestFull/harvest/states/CPlayState.cpp,HarvestFull/harvest/gui/CStoryScreen.h
HarvestFull/harvest/states/CPlayState.cpp,HarvestFull/harvest/states/CPlayState.h
osx/alut/src/alutInputStream.c,/Developer/SDKs/MacOSX10.6.sdk/usr/include/secure/_string.h
osx/alut/src/alutLoader.c,/Developer/SDKs/MacOSX10.6.sdk/usr/include/ctype.h
daisy/gui/CGUIButton.cpp,ox/gui/IGUIButton.h
daisy/gui/CGUICheckBox.cpp,ox/gui/IGUICheckBox.h
daisy/gui/CGUIClickArea.cpp,ox/gui/IGUILayout.h
daisy/gui/CGUIClickArea.cpp,ox/gui/IGUIClickArea.h
daisy/gui/CGUIComboBox.cpp,ox/gui/IGUIComboBox.h
daisy/gui/CGUIContextMenu.cpp,ox/gui/IGUIContextMenu.h
daisy/gui/CGUIContextMenu.cpp,daisy/gui/CGUIContextMenu.h
daisy/gui/CGUIEditBox.cpp,ox/gui/IGUIEditBox.h
daisy/gui/CGUIEnvironment.cpp,ox/gui/IGUIHoverItem.h
daisy/gui/CGUIEnvironment.cpp,ox/gui/IGUIStaticText.h
daisy/gui/CGUIEnvironment.cpp,daisy/gui/CGUIEnvironment.h
daisy/gui/CGUIEnvironment.cpp,ox/gui/IGUIEnvironment.h
daisy/gui/CGUIFileOpenDialog.cpp,ox/gui/IGUIFileOpenDialog.h
daisy/gui/CGUIFont.cpp,daisy/gui/CGUIFont.h
daisy/gui/CGUIFont.cpp,ox/gui/IGUIFont.h
daisy/gui/CGUIImage.cpp,ox/gui/IGUIImage.h
daisy/gui/CGUIInOutFader.cpp,ox/gui/IGUIInOutFader.h
daisy/gui/CGUIListBox.cpp,ox/gui/IGUIListBox.h
daisy/gui/CGUIMeshViewer.cpp,ox/gui/IGUIMeshViewer.h
daisy/gui/CGUIModalScreen.cpp,ox/gui/IGUIModalScreen.h
daisy/gui/CGUIPopupMenu.cpp,ox/gui/IGUIPopupMenu.h
daisy/gui/CGUIRadioList.cpp,ox/gui/IGUIRadioList.h
daisy/gui/CGUIScrollBar.cpp,ox/gui/IGUIScrollBar.h
daisy/gui/CGUISkin.cpp,ox/gui/IGUISkin.h
daisy/gui/CGUITabControl.cpp,ox/gui/IGUITabControl.h
daisy/gui/CGUIToolBar.cpp,ox/gui/IGUIToolbar.h
daisy/gui/CGUIWindow.cpp,daisy/gui/CGUIWindow.h
daisy/gui/CGUIWindow.cpp,ox/gui/IGUIWindow.h
daisy/gui/CUnicodeFont.cpp,daisy/gui/CUnicodeFont.h
daisy/input/CJoystickMacDriver.cpp,daisy/input/CJoystickMacDriver.h
daisy/input/CJoystickMacDriver.cpp,/Developer/SDKs/MacOSX10.6.sdk/usr/include/c++/4.2.1/bits/stl_tree.h
daisy/input/CJoystickMacDriver.cpp,/Developer/SDKs/MacOSX10.6.sdk/usr/include/c++/4.2.1/bits/stl_function.h
daisy/input/CJoystickMacDriver.cpp,/Developer/SDKs/MacOSX10.6.sdk/usr/include/c++/4.2.1/bits/stl_map.h
daisy/input/CJoystickMacDriver.cpp,/Developer/SDKs/MacOSX10.6.sdk/usr/include/c++/4.2.1/bits/stl_pair.h
daisy/io/CFileList.cpp,daisy/io/CFileList.h
daisy/io/CFileSystem.cpp,daisy/io/CFilePath.h
daisy/io/CFileSystem.cpp,ox/io/IFilePath.h
daisy/io/CFileSystem.cpp,ox/io/IFileSystem.h
daisy/io/CLimitReadFile.cpp,daisy/io/CLimitReadFile.h
daisy/io/CWriteFile.cpp,daisy/io/CWriteFile.h
daisy/io/CXMLReader.cpp,daisy/io/CXMLReader.h
daisy/io/CXMLReader.cpp,daisy/other/fast_atof.h
daisy/io/CXMLReader.cpp,ox/io/IXMLReader.h
daisy/io/CXMLWriter.cpp,ox/io/IXMLWriter.h
daisy/io/CZipFileList.cpp,daisy/io/CZipFileList.h
daisy/io/CZipFileList.cpp,ox/io/IFileList.h
daisy/io/CZipReader.cpp,daisy/io/CZipReader.h
daisy/net/CWinsockNetworkDevice.cpp,daisy/net/CWinsockNetworkDevice.h
daisy/net/CWinsockNetworkDevice.cpp,ox/net/INetworkDevice.h
daisy/net/SocketObject.cpp,/Developer/SDKs/MacOSX10.6.sdk/usr/include/libkern/i386/_OSByteOrder.h
daisy/other/CIrrDeviceMacOSX.mm,daisy/other/CIrrDeviceMacOSX.h
daisy/other/CIrrDeviceMacOSX.mm,daisy/other/CIrrDeviceStub.h
daisy/other/CIrrDeviceMacOSX.mm,ox/gui/ICursorControl.h
daisy/other/CIrrDeviceStub.cpp,daisy/other/CTimer.h
daisy/other/CIrrDeviceStub.cpp,daisy/input/CJoystickNullDriver.h
daisy/other/CIrrDeviceStub.cpp,ox/input/IJoystickDriver.h
daisy/other/CIrrDeviceStub.cpp,daisy/include/ITimer.h
daisy/other/CIrrDeviceStub.cpp,daisy/include/IDaisyDevice.h
daisy/other/CIrrDeviceStub.cpp,ox/IOxDevice.h
daisy/other/CLogger.cpp,daisy/other/CLogger.h
daisy/other/CLogger.cpp,ox/event/ILogger.h
daisy/other/COSXOperator.mm,ox/IOSOperator.h
daisy/scene/C3DSMeshFileLoader.cpp,ox/scene/SAnimatedMesh.h
daisy/scene/C3DSMeshFileLoader.cpp,ox/scene/SMesh.h
daisy/scene/C3DSMeshFileLoader.cpp,ox/core/CPlane3d.h
daisy/scene/C3DSMeshFileLoader.cpp,ox/scene/SMeshBuffer.h
daisy/scene/C3DSMeshFileLoader.cpp,ox/core/CAabbox3d.h
daisy/scene/C3DSMeshFileLoader.cpp,daisy/scene/C3DSMeshFileLoader.h
daisy/scene/C3DSMeshFileLoader.cpp,ox/scene/IAnimatedMesh.h
daisy/scene/CAnimatedMeshMD2.cpp,daisy/scene/CAnimatedMeshMD2.h
daisy/scene/CAnimatedMeshMD2.cpp,ox/scene/IAnimatedMeshMD2.h
daisy/scene/CAnimatedMeshMS3D.cpp,daisy/scene/CAnimatedMeshMS3D.h
daisy/scene/CAnimatedMeshMS3D.cpp,ox/scene/IAnimatedMeshMS3D.h
daisy/scene/CAnimatedMeshSceneNode.cpp,ox/video/SMaterial.h
daisy/scene/CAnimatedMeshSceneNode.cpp,ox/scene/IAnimatedMeshSceneNode.h
daisy/scene/CBillboardSceneNode.cpp,ox/scene/IBillboardSceneNode.h
daisy/scene/CBspTree.cpp,daisy/scene/CBspTree.h
daisy/scene/CBspTree.cpp,ox/video/S3DVertex.h
daisy/scene/CBspTreeSceneNode.cpp,ox/scene/IBspTreeSceneNode.h
daisy/scene/CCameraMayaSceneNode.cpp,ox/scene/SViewFrustrum.h
daisy/scene/CCameraSceneNode.cpp,ox/scene/ICameraSceneNode.h
daisy/scene/CDefaultMeshFormatLoader.cpp,ox/scene/IMeshLoader.h
daisy/scene/CDummyTransformationSceneNode.cpp,ox/scene/IDummyTransformationSceneNode.h
daisy/scene/CDummyTransformationSceneNode.cpp,daisy/scene/CDummyTransformationSceneNode.h
daisy/scene/CEmptySceneNode.cpp,daisy/scene/CEmptySceneNode.h
daisy/scene/CLightSceneNode.cpp,ox/scene/ILightSceneNode.h
daisy/scene/CMeshManipulator.cpp,ox/scene/SMeshBufferLightMap.h
daisy/scene/CMeshManipulator.cpp,ox/scene/IMeshBuffer.h
daisy/scene/CMeshManipulator.cpp,ox/scene/IMesh.h
daisy/scene/CMeshManipulator.cpp,ox/scene/IMeshManipulator.h
daisy/scene/CMetaTriangleSelector.cpp,ox/scene/IMetaTriangleSelector.h
daisy/scene/COctTreeSceneNode.cpp,daisy/scene/OctTree.h
daisy/scene/COctTreeTriangleSelector.cpp,daisy/scene/COctTreeTriangleSelector.h
daisy/scene/COctTreeTriangleSelector.cpp,ox/core/CTriangle3d.h
daisy/scene/CParticleBoxEmitter.cpp,daisy/scene/CParticleBoxEmitter.h
daisy/scene/CParticleFadeOutAffector.cpp,daisy/scene/CParticleFadeOutAffector.h
daisy/scene/CParticleFadeOutAffector.cpp,ox/scene/IParticleAffector.h
daisy/scene/CParticleGravityAffector.cpp,daisy/scene/CParticleGravityAffector.h
daisy/scene/CParticlePointEmitter.cpp,daisy/scene/CParticlePointEmitter.h
daisy/scene/CParticlePointEmitter.cpp,ox/scene/IParticleEmitter.h
daisy/scene/CParticleSystemSceneNode.cpp,ox/scene/IParticleSystemSceneNode.h
daisy/scene/CParticleSystemSceneNode.cpp,ox/scene/SParticle.h
daisy/scene/CQ3LevelMesh.cpp,ox/scene/IQ3LevelMesh.h
daisy/scene/CSceneCollisionManager.cpp,daisy/scene/CSceneCollisionManager.h
daisy/scene/CSceneCollisionManager.cpp,ox/scene/ISceneCollisionManager.h
daisy/scene/CSceneManager.cpp,daisy/scene/CSceneManager.h
daisy/scene/CSceneManager.cpp,ox/scene/ISceneManager.h
daisy/scene/CSceneNodeAnimatorCollisionResponse.cpp,ox/scene/ISceneNodeAnimatorCollisionResponse.h
daisy/scene/CSceneNodeAnimatorRotation.cpp,ox/scene/ISceneNodeAnimator.h
daisy/scene/CShadowVolumeSceneNode.cpp,ox/scene/IShadowVolumeSceneNode.h
daisy/scene/CStaticMeshOBJ.cpp,daisy/other/fast_atof.h
daisy/scene/CTerrainSceneNode.cpp,ox/scene/ITerrainSceneNode.h
daisy/scene/CTerrainSceneNode.cpp,daisy/scene/CTerrainSceneNode.h
daisy/scene/CTextSceneNode.cpp,ox/scene/ITextSceneNode.h
daisy/scene/CTriangleBBSelector.cpp,daisy/scene/CTriangleBBSelector.h
daisy/scene/CTriangleSelector.cpp,ox/scene/ITriangleSelector.h
daisy/scene/CXAnimationPlayer.cpp,ox/core/CQuaternion.h
daisy/scene/CXAnimationPlayer.cpp,daisy/scene/CXAnimationPlayer.h
daisy/scene/CXAnimationPlayer.cpp,daisy/scene/CXFileReader.h
daisy/scene/CXAnimationPlayer.cpp,ox/scene/IAnimatedMeshX.h
daisy/video/CVideoModeList.cpp,daisy/video/CVideoModeList.h
daisy/video/CVideoModeList.cpp,ox/video/IVideoModeList.h
daisy/video/Null/CImage.cpp,ox/video/IImage.h
daisy/video/Null/CImageLoaderBmp.cpp,ox/video/IImageLoader.h
daisy/video/Null/CImageLoaderPSD.cpp,daisy/video/Null/CImageLoaderPSD.h
daisy/video/Null/CParticlePackage.cpp,daisy/video/Null/CParticlePackage.h
daisy/video/Null/CParticleState.cpp,ox/video/IParticleState.h
daisy/video/Null/CSpriteAnimationImage.cpp,ox/video/SColorArray.h
daisy/video/Null/CSpriteAnimationImage.cpp,ox/core/CAffineRect.h
daisy/video/Null/CSpriteAnimationImage.cpp,daisy/video/Null/CSpriteAnimationImage.h
daisy/video/Null/CSpriteAnimationImageBundle.cpp,ox/video/ISpriteAnimationImage.h
daisy/video/Null/CSpriteAnimationImageBundle.cpp,daisy/video/Null/CSpriteAnimationImageBundle.h
daisy/video/Null/CSpriteAnimationState.cpp,ox/video/ISpriteAnimationState.h
daisy/video/Null/CSpritePackage.cpp,daisy/video/Null/CSpriteAnimationState.h
daisy/video/Null/CSpritePackage.cpp,daisy/video/Null/CSpritePackage.h
daisy/video/Null/CSpritePackage.cpp,ox/video/ISpritePackage.h
daisy/video/Null/CVideoNull.cpp,daisy/video/Null/CVideoNull.h
daisy/video/Null/CVideoNull.cpp,ox/video/SLight.h
daisy/video/Null/CVideoNull.cpp,ox/video/IVideoDriver.h
daisy/video/OpenGL/CVideoOpenGL.cpp,daisy/video/OpenGL/CVideoOpenGL.h
daisy/video/OpenGL/CVideoOpenGL.cpp,daisy/video/Null/CVideoNull.h
daisy/video/OpenGL/CVideoOpenGL.cpp,daisy/video/OpenGL/COpenGLMaterialRenderer.h
daisy/video/OpenGL/CVideoOpenGL.cpp,ox/video/IMaterialRenderer.h
daisy/video/OpenGL/CVideoOpenGL.cpp,ox/video/IMaterialRendererServices.h
daisy/audio/CAudioDriver.cpp,daisy/audio/CAudioDriver.h
daisy/audio/CAudioDriver.cpp,ox/audio/IAudioDriver.h
daisy/audio/COpenALDriver.cpp,daisy/audio/vorbis/vorbisfile.h
daisy/audio/COpenALDriver.cpp,/Developer/SDKs/MacOSX10.6.sdk/usr/include/c++/4.2.1/fstream
daisy/audio/COpenALDriver.cpp,/Developer/SDKs/MacOSX10.6.sdk/usr/include/c++/4.2.1/bits/postypes.h
daisy/audio/COpenALDriver.cpp,daisy/audio/COpenALDriver.h
daisy/video/Software/CSoftwareTexture.cpp,ox/video/ITexture.h
daisy/video/Software/CTRTextureGouraud.cpp,daisy/video/Software/IK3DTriangleRenderer.h
daisy/video/Software/CVideoSoftware.cpp,daisy/video/Null/CVideoNull.h
daisy/video/Software/CVideoSoftware.cpp,daisy/video/Software/CVideoSoftware.h
daisy/video/Software/CZBuffer.cpp,daisy/video/Software/IZBuffer.h
ox/algo/CSimplePress.cpp,ox/algo/CSimplePress.h
ox/core/CAes.cpp,ox/core/CAes.h
ox/entity/COxEntityManager.cpp,ox/algo/CArrayFunctions.h
ox/entity/COxEntityManager.cpp,ox/entity/COxEntity.h
ox/io/CMemReadFile.cpp,ox/io/CMemReadFile.h
ox/io/CMemReadFile.cpp,ox/io/IReadFile.h
ox/io/CMemWriteFile.cpp,ox/io/CMemWriteFile.h
ox/io/CMemWriteFile.cpp,ox/io/IWriteFile.h
