index,unit,object,functions,bytes
0,HarvestFull/HarvestFull.cpp,HarvestFull.o,2,178
1,HarvestFull/harvest/CHarvestFullMain.cpp,CHarvestFullMain.o,34,5623
2,HarvestFull/harvest/entity/CAlienEntity.cpp,CAlienEntity.o,62,42060
3,HarvestFull/harvest/entity/CBuildableItems.cpp,CBuildableItems.o,38,9991
4,HarvestFull/harvest/entity/CBuildingEntity.cpp,CBuildingEntity.o,19,1116
5,HarvestFull/harvest/entity/CConstructionEntity.cpp,CConstructionEntity.o,22,2560
6,HarvestFull/harvest/entity/CCreativeEntity.cpp,CCreativeEntity.o,49,6330
7,HarvestFull/harvest/entity/CDefenseTowerEntity.cpp,CDefenseTowerEntity.o,47,26392
8,HarvestFull/harvest/entity/CDropshipEntity.cpp,CDropshipEntity.o,39,20064
9,HarvestFull/harvest/entity/CEntityManager.cpp,CEntityManager.o,45,6784
10,HarvestFull/harvest/entity/CHarvestEntity.cpp,CHarvestEntity.o,55,6477
11,HarvestFull/harvest/entity/CMineralsEntity.cpp,CMineralsEntity.o,24,1990
12,HarvestFull/harvest/entity/CMinerEntity.cpp,CMinerEntity.o,22,3247
13,HarvestFull/harvest/entity/CMissileTurretEntity.cpp,CMissileTurretEntity.o,71,15802
14,HarvestFull/harvest/entity/CPerimeterBomb.cpp,CPerimeterBomb.o,12,1851
15,HarvestFull/harvest/entity/CShuttleEntity.cpp,CShuttleEntity.o,38,11844
16,HarvestFull/harvest/entity/CSparkEntity.cpp,CSparkEntity.o,14,1623
17,HarvestFull/harvest/entity/CSparkMoverEntity.cpp,CSparkMoverEntity.o,32,4984
18,HarvestFull/harvest/entity/CSparkProducerEntity.cpp,CSparkProducerEntity.o,17,1544
19,HarvestFull/harvest/game/CLuaManager.cpp,CLuaManager.o,217,47134
20,HarvestFull/harvest/game/CScenario.cpp,CScenario.o,71,19010
21,HarvestFull/harvest/game/CStatistics.cpp,CStatistics.o,45,5042
22,HarvestFull/harvest/game/CThreatLevel.cpp,CThreatLevel.o,81,9273
23,HarvestFull/harvest/game/CWorld.cpp,CWorld.o,41,16309
24,HarvestFull/harvest/gfx/CScatterShader.cpp,CScatterShader.o,15,2411
25,HarvestFull/harvest/gui/CAchievementsScreen.cpp,CAchievementsScreen.o,11,9010
26,HarvestFull/harvest/gui/CGuiEffects.cpp,CGuiEffects.o,4,1179
27,HarvestFull/harvest/gui/CGuiInfoLines.cpp,CGuiInfoLines.o,10,1844
28,HarvestFull/harvest/gui/CHighscoreScreen.cpp,CHighscoreScreen.o,24,21581
29,HarvestFull/harvest/gui/CIngameMenuScreen.cpp,CIngameMenuScreen.o,9,2415
30,HarvestFull/harvest/gui/CMenuInfoDialog.cpp,CMenuInfoDialog.o,11,6025
31,HarvestFull/harvest/gui/CPriorityScreen.cpp,CPriorityScreen.o,17,10289
32,HarvestFull/harvest/gui/CProfileScreen.cpp,CProfileScreen.o,18,7669
33,HarvestFull/harvest/gui/CSaveGameScreen.cpp,CSaveGameScreen.o,39,16586
34,HarvestFull/harvest/gui/CSettingsScreen .cpp,CSettingsScreen .o,20,9478
35,HarvestFull/harvest/gui/CStatisticsScreen.cpp,CStatisticsScreen.o,23,12713
36,HarvestFull/harvest/gui/CStoryScreen.cpp,CStoryScreen.o,15,3505
37,HarvestFull/harvest/settings/CAlienPriorities.cpp,CAlienPriorities.o,14,1170
38,HarvestFull/harvest/settings/CHarvestProfile.cpp,CHarvestProfile.o,41,8656
39,HarvestFull/harvest/settings/CProfileManager.cpp,CProfileManager.o,16,3401
40,HarvestFull/harvest/settings/CSavestateInfo.cpp,CSavestateInfo.o,3,447
41,HarvestFull/harvest/settings/CSystemConfig.cpp,CSystemConfig.o,45,7871
42,HarvestFull/harvest/states/CIntermissionState.cpp,CIntermissionState.o,1,73
43,HarvestFull/harvest/states/CIntroState.cpp,CIntroState.o,12,3818
44,HarvestFull/harvest/states/CLoadingScreen.cpp,CLoadingScreen.o,8,1328
45,HarvestFull/harvest/states/CMainMenuState.cpp,CMainMenuState.o,27,27449
46,HarvestFull/harvest/states/CPlayState.cpp,CPlayState.o,76,86832
47,HarvestFull/harvest/states/CShuttleRaceState.cpp,CShuttleRaceState.o,25,9791
48,osx/alut/src/alutBufferData.c,libalut.a(alutBufferData.o),8,366
49,osx/alut/src/alutCodec.c,libalut.a(alutCodec.o),5,463
50,osx/alut/src/alutError.c,libalut.a(alutError.o),3,423
51,osx/alut/src/alutInit.c,libalut.a(alutInit.o),4,593
52,osx/alut/src/alutInputStream.c,libalut.a(alutInputStream.o),12,865
53,osx/alut/src/alutLoader.c,libalut.a(alutLoader.o),12,2100
54,osx/alut/src/alutUtil.c,libalut.a(alutUtil.o),5,444
55,daisy/gui/CGUIButton.cpp,libdaisy.a(CGUIButton.o),39,5492
56,daisy/gui/CGUICheckBox.cpp,libdaisy.a(CGUICheckBox.o),21,2992
57,daisy/gui/CGUIClickArea.cpp,libdaisy.a(CGUIClickArea.o),15,747
58,daisy/gui/CGUIComboBox.cpp,libdaisy.a(CGUIComboBox.o),24,4110
59,daisy/gui/CGUIContextMenu.cpp,libdaisy.a(CGUIContextMenu.o),44,7075
60,daisy/gui/CGUIEditBox.cpp,libdaisy.a(CGUIEditBox.o),30,10554
61,daisy/gui/CGUIEnvironment.cpp,libdaisy.a(CGUIEnvironment.o),171,26100
62,daisy/gui/CGUIFileOpenDialog.cpp,libdaisy.a(CGUIFileOpenDialog.o),20,4109
63,daisy/gui/CGUIFont.cpp,libdaisy.a(CGUIFont.o),24,2849
64,daisy/gui/CGUIImage.cpp,libdaisy.a(CGUIImage.o),16,1412
65,daisy/gui/CGUIInOutFader.cpp,libdaisy.a(CGUIInOutFader.o),18,1172
66,daisy/gui/CGUIListBox.cpp,libdaisy.a(CGUIListBox.o),34,5006
67,daisy/gui/CGUIMenu.cpp,libdaisy.a(CGUIMenu.o),16,2541
68,daisy/gui/CGUIMeshViewer.cpp,libdaisy.a(CGUIMeshViewer.o),18,2008
69,daisy/gui/CGUIMessageBox.cpp,libdaisy.a(CGUIMessageBox.o),11,2114
70,daisy/gui/CGUIModalScreen.cpp,libdaisy.a(CGUIModalScreen.o),19,1014
71,daisy/gui/CGUIPopupMenu.cpp,libdaisy.a(CGUIPopupMenu.o),18,2180
72,daisy/gui/CGUIRadioList.cpp,libdaisy.a(CGUIRadioList.o),23,2304
73,daisy/gui/CGUIScrollBar.cpp,libdaisy.a(CGUIScrollBar.o),27,6358
74,daisy/gui/CGUISkin.cpp,libdaisy.a(CGUISkin.o),19,1527
75,daisy/gui/CGUIStaticText.cpp,libdaisy.a(CGUIStaticText.o),28,6428
76,daisy/gui/CGUITabControl.cpp,libdaisy.a(CGUITabControl.o),72,14668
77,daisy/gui/CGUIToolBar.cpp,libdaisy.a(CGUIToolBar.o),15,1036
78,daisy/gui/CGUIWindow.cpp,libdaisy.a(CGUIWindow.o),59,17136
79,daisy/gui/CUnicodeFont.cpp,libdaisy.a(CUnicodeFont.o),16,2966
80,daisy/input/CJoystickMacDriver.cpp,libdaisy.a(CJoystickMacDriver.o),32,7252
81,daisy/input/CJoystickNullDriver.cpp,libdaisy.a(CJoystickNullDriver.o),7,131
82,daisy/io/CFileList.cpp,libdaisy.a(CFileList.o),17,2746
83,daisy/io/CFileSystem.cpp,libdaisy.a(CFileSystem.o),56,8608
84,daisy/io/CLimitReadFile.cpp,libdaisy.a(CLimitReadFile.o),15,730
85,daisy/io/CMemoryReadFile.cpp,libdaisy.a(CMemoryReadFile.o),8,478
86,daisy/io/CReadFile.cpp,libdaisy.a(CReadFile.o),15,811
87,daisy/io/CTextReader.cpp,libdaisy.a(CTextReader.o),11,791
88,daisy/io/CWriteFile.cpp,libdaisy.a(CWriteFile.o),13,779
89,daisy/io/CXMLReader.cpp,libdaisy.a(CXMLReader.o),37,5108
90,daisy/io/CXMLWriter.cpp,libdaisy.a(CXMLWriter.o),15,1560
91,daisy/io/CZipFileList.cpp,libdaisy.a(CZipFileList.o),20,3366
92,daisy/io/CZipReader.cpp,libdaisy.a(CZipReader.o),38,11651
93,daisy/net/CWinsockNetworkDevice.cpp,libdaisy.a(CWinsockNetworkDevice.o),30,6042
94,daisy/net/SocketObject.cpp,libdaisy.a(SocketObject.o),16,1509
95,daisy/other/CIrrDeviceMacOSX.mm,libdaisy.a(CIrrDeviceMacOSX.o),55,5433
96,daisy/other/CIrrDeviceStub.cpp,libdaisy.a(CIrrDeviceStub.o),68,6164
97,daisy/other/CLogger.cpp,libdaisy.a(CLogger.o),15,1349
98,daisy/other/COSXOperator.mm,libdaisy.a(COSXOperator.o),21,1831
99,daisy/other/extern/jpeglib/jcapimin.c,libdaisy.a(jcapimin.o),9,905
100,daisy/other/extern/jpeglib/jcapistd.c,libdaisy.a(jcapistd.o),3,529
101,daisy/other/extern/jpeglib/jccoefct.c,libdaisy.a(jccoefct.o),6,2086
102,daisy/other/extern/jpeglib/jccolor.c,libdaisy.a(jccolor.o),8,1653
103,daisy/other/extern/jpeglib/jcdctmgr.c,libdaisy.a(jcdctmgr.o),4,1470
104,daisy/other/extern/jpeglib/jchuff.c,libdaisy.a(jchuff.o),10,4019
105,daisy/other/extern/jpeglib/jcinit.c,libdaisy.a(jcinit.o),1,213
106,daisy/other/extern/jpeglib/jcmainct.c,libdaisy.a(jcmainct.o),3,435
107,daisy/other/extern/jpeglib/jcmarker.c,libdaisy.a(jcmarker.o),12,2451
108,daisy/other/extern/jpeglib/jcmaster.c,libdaisy.a(jcmaster.o),6,3183
109,daisy/other/extern/jpeglib/jcomapi.c,libdaisy.a(jcomapi.o),4,200
110,daisy/other/extern/jpeglib/jcparam.c,libdaisy.a(jcparam.o),10,3338
111,daisy/other/extern/jpeglib/jcphuff.c,libdaisy.a(jcphuff.o),13,3197
112,daisy/other/extern/jpeglib/jcprepct.c,libdaisy.a(jcprepct.o),5,1579
113,daisy/other/extern/jpeglib/jcsample.c,libdaisy.a(jcsample.o),9,2472
114,daisy/other/extern/jpeglib/jdapimin.c,libdaisy.a(jdapimin.o),8,1304
115,daisy/other/extern/jpeglib/jdapistd.c,libdaisy.a(jdapistd.o),6,1008
116,daisy/other/extern/jpeglib/jdatadst.c,libdaisy.a(jdatadst.o),4,385
117,daisy/other/extern/jpeglib/jdcoefct.c,libdaisy.a(jdcoefct.o),9,4216
118,daisy/other/extern/jpeglib/jdcolor.c,libdaisy.a(jdcolor.o),8,1491
119,daisy/other/extern/jpeglib/jddctmgr.c,libdaisy.a(jddctmgr.o),2,748
120,daisy/other/extern/jpeglib/jdhuff.c,libdaisy.a(jdhuff.o),6,3094
121,daisy/other/extern/jpeglib/jdinput.c,libdaisy.a(jdinput.o),5,1590
122,daisy/other/extern/jpeglib/jdmainct.c,libdaisy.a(jdmainct.o),5,1814
123,daisy/other/extern/jpeglib/jdmarker.c,libdaisy.a(jdmarker.o),14,8215
124,daisy/other/extern/jpeglib/jdmaster.c,libdaisy.a(jdmaster.o),6,2068
125,daisy/other/extern/jpeglib/jdmerge.c,libdaisy.a(jdmerge.o),6,1697
126,daisy/other/extern/jpeglib/jdphuff.c,libdaisy.a(jdphuff.o),7,3571
127,daisy/other/extern/jpeglib/jdpostct.c,libdaisy.a(jdpostct.o),5,1012
128,daisy/other/extern/jpeglib/jdsample.c,libdaisy.a(jdsample.o),10,1988
129,daisy/other/extern/jpeglib/jerror.c,libdaisy.a(jerror.o),6,571
130,daisy/other/extern/jpeglib/jfdctflt.c,libdaisy.a(jfdctflt.o),1,789
131,daisy/other/extern/jpeglib/jfdctfst.c,libdaisy.a(jfdctfst.o),1,579
132,daisy/other/extern/jpeglib/jfdctint.c,libdaisy.a(jfdctint.o),1,791
133,daisy/other/extern/jpeglib/jidctflt.c,libdaisy.a(jidctflt.o),1,1444
134,daisy/other/extern/jpeglib/jidctfst.c,libdaisy.a(jidctfst.o),1,1418
135,daisy/other/extern/jpeglib/jidctint.c,libdaisy.a(jidctint.o),1,1623
136,daisy/other/extern/jpeglib/jidctred.c,libdaisy.a(jidctred.o),3,1464
137,daisy/other/extern/jpeglib/jmemmgr.c,libdaisy.a(jmemmgr.o),14,3387
138,daisy/other/extern/jpeglib/jmemnobs.c,libdaisy.a(jmemnobs.o),8,130
139,daisy/other/extern/jpeglib/jquant1.c,libdaisy.a(jquant1.o),11,2817
140,daisy/other/extern/jpeglib/jquant2.c,libdaisy.a(jquant2.o),11,5061
141,daisy/other/extern/jpeglib/jutils.c,libdaisy.a(jutils.o),5,186
142,daisy/other/extern/zlib/adler32.c,libdaisy.a(adler32.o),4,810
143,daisy/other/extern/zlib/crc32.c,libdaisy.a(crc32.o),6,1023
144,daisy/other/extern/zlib/deflate.c,libdaisy.a(deflate.o),19,9773
145,daisy/other/extern/zlib/inffast.c,libdaisy.a(inffast.o),1,1505
146,daisy/other/extern/zlib/inflate.c,libdaisy.a(inflate.o),16,9131
147,daisy/other/extern/zlib/inftrees.c,libdaisy.a(inftrees.o),1,1250
148,daisy/other/extern/zlib/trees.c,libdaisy.a(trees.o),17,6821
149,daisy/other/extern/zlib/zutil.c,libdaisy.a(zutil.o),5,101
150,daisy/other/os.cpp,libdaisy.a(os.o),9,505
151,daisy/other/VideoDialog.mm,libdaisy.a(VideoDialog.o),16,1599
152,daisy/scene/C3DSMeshFileLoader.cpp,libdaisy.a(C3DSMeshFileLoader.o),57,10507
153,daisy/scene/CAnimatedMeshMD2.cpp,libdaisy.a(CAnimatedMeshMD2.o),67,7835
154,daisy/scene/CAnimatedMeshMS3D.cpp,libdaisy.a(CAnimatedMeshMS3D.o),71,12999
155,daisy/scene/CAnimatedMeshSceneNode.cpp,libdaisy.a(CAnimatedMeshSceneNode.o),26,4216
156,daisy/scene/CBillboardSceneNode.cpp,libdaisy.a(CBillboardSceneNode.o),15,2052
157,daisy/scene/CBspTree.cpp,libdaisy.a(CBspTree.o),42,11122
158,daisy/scene/CBspTreeSceneNode.cpp,libdaisy.a(CBspTreeSceneNode.o),12,750
159,daisy/scene/CCameraFPSSceneNode.cpp,libdaisy.a(CCameraFPSSceneNode.o),18,4425
160,daisy/scene/CCameraMayaSceneNode.cpp,libdaisy.a(CCameraMayaSceneNode.o),17,3131
161,daisy/scene/CCameraSceneNode.cpp,libdaisy.a(CCameraSceneNode.o),39,3646
162,daisy/scene/CDefaultMeshFormatLoader.cpp,libdaisy.a(CDefaultMeshFormatLoader.o),10,967
163,daisy/scene/CDummyTransformationSceneNode.cpp,libdaisy.a(CDummyTransformationSceneNode.o),12,761
164,daisy/scene/CEmptySceneNode.cpp,libdaisy.a(CEmptySceneNode.o),8,420
165,daisy/scene/CGeometryCreator.cpp,libdaisy.a(CGeometryCreator.o),3,4432
166,daisy/scene/CLightSceneNode.cpp,libdaisy.a(CLightSceneNode.o),12,814
167,daisy/scene/CMeshManipulator.cpp,libdaisy.a(CMeshManipulator.o),73,8801
168,daisy/scene/CMeshSceneNode.cpp,libdaisy.a(CMeshSceneNode.o),15,2470
169,daisy/scene/CMetaTriangleSelector.cpp,libdaisy.a(CMetaTriangleSelector.o),18,1424
170,daisy/scene/COctTreeSceneNode.cpp,libdaisy.a(COctTreeSceneNode.o),76,24054
171,daisy/scene/COctTreeTriangleSelector.cpp,libdaisy.a(COctTreeTriangleSelector.o),17,5219
172,daisy/scene/CParticleBoxEmitter.cpp,libdaisy.a(CParticleBoxEmitter.o),6,1756
173,daisy/scene/CParticleFadeOutAffector.cpp,libdaisy.a(CParticleFadeOutAffector.o),8,565
174,daisy/scene/CParticleGravityAffector.cpp,libdaisy.a(CParticleGravityAffector.o),6,466
175,daisy/scene/CParticlePointEmitter.cpp,libdaisy.a(CParticlePointEmitter.o),8,1334
176,daisy/scene/CParticleSystemSceneNode.cpp,libdaisy.a(CParticleSystemSceneNode.o),34,7207
177,daisy/scene/CQ3LevelMesh.cpp,libdaisy.a(CQ3LevelMesh.o),33,8941
178,daisy/scene/CSceneCollisionManager.cpp,libdaisy.a(CSceneCollisionManager.o),30,13069
179,daisy/scene/CSceneManager.cpp,libdaisy.a(CSceneManager.o),162,21636
180,daisy/scene/CSceneNodeAnimatorCollisionResponse.cpp,libdaisy.a(CSceneNodeAnimatorCollisionResponse.o),20,1773
181,daisy/scene/CSceneNodeAnimatorDelete.cpp,libdaisy.a(CSceneNodeAnimatorDelete.o),7,232
182,daisy/scene/CSceneNodeAnimatorFlyCircle.cpp,libdaisy.a(CSceneNodeAnimatorFlyCircle.o),7,443
183,daisy/scene/CSceneNodeAnimatorFlyStraight.cpp,libdaisy.a(CSceneNodeAnimatorFlyStraight.o),7,686
184,daisy/scene/CSceneNodeAnimatorFollowSpline.cpp,libdaisy.a(CSceneNodeAnimatorFollowSpline.o),10,1330
185,daisy/scene/CSceneNodeAnimatorRotation.cpp,libdaisy.a(CSceneNodeAnimatorRotation.o),9,416
186,daisy/scene/CSceneNodeAnimatorTexture.cpp,libdaisy.a(CSceneNodeAnimatorTexture.o),11,1085
187,daisy/scene/CShadowVolumeSceneNode.cpp,libdaisy.a(CShadowVolumeSceneNode.o),22,6962
188,daisy/scene/CSkyBoxSceneNode.cpp,libdaisy.a(CSkyBoxSceneNode.o),11,3953
189,daisy/scene/CStaticMeshOBJ.cpp,libdaisy.a(CStaticMeshOBJ.o),20,6679
190,daisy/scene/CTerrainSceneNode.cpp,libdaisy.a(CTerrainSceneNode.o),66,14385
191,daisy/scene/CTestSceneNode.cpp,libdaisy.a(CTestSceneNode.o),11,2061
192,daisy/scene/CTextSceneNode.cpp,libdaisy.a(CTextSceneNode.o),14,992
193,daisy/scene/CTriangleBBSelector.cpp,libdaisy.a(CTriangleBBSelector.o),6,1807
194,daisy/scene/CTriangleSelector.cpp,libdaisy.a(CTriangleSelector.o),20,3446
195,daisy/scene/CWaterSurfaceSceneNode.cpp,libdaisy.a(CWaterSurfaceSceneNode.o),8,1201
196,daisy/scene/CXAnimationPlayer.cpp,libdaisy.a(CXAnimationPlayer.o),147,38286
197,daisy/scene/CXFileReader.cpp,libdaisy.a(CXFileReader.o),170,54935
198,daisy/scene/CXMeshFileLoader.cpp,libdaisy.a(CXMeshFileLoader.o),8,543
199,daisy/video/CVideoModeList.cpp,libdaisy.a(CVideoModeList.o),31,3375
200,daisy/video/Null/CCGMaterialRenderer.cpp,libdaisy.a(CCGMaterialRenderer.o),24,2815
201,daisy/video/Null/CColorConverter.cpp,libdaisy.a(CColorConverter.o),16,2316
202,daisy/video/Null/CFPSCounter.cpp,libdaisy.a(CFPSCounter.o),5,238
203,daisy/video/Null/CImage.cpp,libdaisy.a(CImage.o),40,5480
204,daisy/video/Null/CImageLoaderBmp.cpp,libdaisy.a(CImageLoaderBmp.o),14,2263
205,daisy/video/Null/CImageLoaderJPG.cpp,libdaisy.a(CImageLoaderJPG.o),16,1341
206,daisy/video/Null/CImageLoaderPCX.cpp,libdaisy.a(CImageLoaderPCX.o),10,1603
207,daisy/video/Null/CImageLoaderPSD.cpp,libdaisy.a(CImageLoaderPSD.o),13,2789
208,daisy/video/Null/CImageLoaderTGA.cpp,libdaisy.a(CImageLoaderTGA.o),11,1522
209,daisy/video/Null/CParticlePackage.cpp,libdaisy.a(CParticlePackage.o),37,6856
210,daisy/video/Null/CParticleState.cpp,libdaisy.a(CParticleState.o),28,5520
211,daisy/video/Null/CSpriteAnimationImage.cpp,libdaisy.a(CSpriteAnimationImage.o),21,3853
212,daisy/video/Null/CSpriteAnimationImageBundle.cpp,libdaisy.a(CSpriteAnimationImageBundle.o),28,2098
213,daisy/video/Null/CSpriteAnimationState.cpp,libdaisy.a(CSpriteAnimationState.o),29,1957
214,daisy/video/Null/CSpritePackage.cpp,libdaisy.a(CSpritePackage.o),102,24201
215,daisy/video/Null/CVideoNull.cpp,libdaisy.a(CVideoNull.o),223,31891
216,daisy/video/OpenGL/COpenGLCGMaterialRenderer.cpp,libdaisy.a(COpenGLCGMaterialRenderer.o),13,1224
217,daisy/video/OpenGL/COpenGLShaderMaterialRenderer.cpp,libdaisy.a(COpenGLShaderMaterialRenderer.o),11,1393
218,daisy/video/OpenGL/COpenGLSLMaterialRenderer.cpp,libdaisy.a(COpenGLSLMaterialRenderer.o),37,4641
219,daisy/video/OpenGL/COpenGLTexture.cpp,libdaisy.a(COpenGLTexture.o),16,1124
220,daisy/video/OpenGL/CVideoOpenGL.cpp,libdaisy.a(CVideoOpenGL.o),174,28506
221,daisy/audio/CAudioDriver.cpp,libdaisy.a(CAudioDriver.o),70,7832
222,daisy/audio/COpenALDriver.cpp,libdaisy.a(COpenALDriver.o),57,7748
223,daisy/video/Software/CSoftwareTexture.cpp,libdaisy.a(CSoftwareTexture.o),17,762
224,daisy/video/Software/CTRFlat.cpp,libdaisy.a(CTRFlat.o),5,1570
225,daisy/video/Software/CTRFlatWire.cpp,libdaisy.a(CTRFlatWire.o),5,1517
226,daisy/video/Software/CTRGouraud.cpp,libdaisy.a(CTRGouraud.o),5,3092
227,daisy/video/Software/CTRGouraudWire.cpp,libdaisy.a(CTRGouraudWire.o),5,2708
228,daisy/video/Software/CTRTextureFlat.cpp,libdaisy.a(CTRTextureFlat.o),5,2429
229,daisy/video/Software/CTRTextureFlatWire.cpp,libdaisy.a(CTRTextureFlatWire.o),5,2012
230,daisy/video/Software/CTRTextureGouraud.cpp,libdaisy.a(CTRTextureGouraud.o),13,4679
231,daisy/video/Software/CTRTextureGouraudWire.cpp,libdaisy.a(CTRTextureGouraudWire.o),5,3314
232,daisy/video/Software/CVideoSoftware.cpp,libdaisy.a(CVideoSoftware.o),60,10185
233,daisy/video/Software/CZBuffer.cpp,libdaisy.a(CZBuffer.o),14,544
234,daisy/other/CustomOpenGLView.mm,libdaisy.a(CustomOpenGLView.o),23,3767
235,ox/algo/CBase64url.cpp,libox.a(CBase64url.o),5,2243
236,ox/algo/CRand.cpp,libox.a(CRand.o),8,415
237,ox/algo/CRegulator.cpp,libox.a(CRegulator.o),34,2570
238,ox/algo/CSimplePress.cpp,libox.a(CSimplePress.o),12,1049
239,ox/algo/CTimeCounter.cpp,libox.a(CTimeCounter.o),15,473
240,ox/core/CAes.cpp,libox.a(CAes.o),31,3197
241,ox/core/CBasic.cpp,libox.a(CBasic.o),3,239
242,ox/core/CCipherKey.cpp,libox.a(CCipherKey.o),11,622
243,ox/core/CCriticalSection.cpp,libox.a(CCriticalSection.o),8,356
244,ox/core/CHiddenFloat.cpp,libox.a(CHiddenFloat.o),16,868
245,ox/core/CHiddenInt.cpp,libox.a(CHiddenInt.o),16,824
246,ox/core/CMath.cpp,libox.a(CMath.o),9,2118
247,ox/core/CStringFunctions.cpp,libox.a(CStringFunctions.o),3,1209
248,ox/core/CThread.cpp,libox.a(CThread.o),7,386
249,ox/entity/COxEntity.cpp,libox.a(COxEntity.o),20,602
250,ox/entity/COxEntityManager.cpp,libox.a(COxEntityManager.o),30,3971
251,ox/event/IEventReceiver.cpp,libox.a(IEventReceiver.o),22,2496
252,ox/game/CConfigBlock.cpp,libox.a(CConfigBlock.o),24,3232
253,ox/game/CConfiguration.cpp,libox.a(CConfiguration.o),52,9077
254,ox/game/CGameMain.cpp,libox.a(CGameMain.o),18,1984
255,ox/game/CGameState.cpp,libox.a(CGameState.o),9,416
256,ox/game/CTextLocalization.cpp,libox.a(CTextLocalization.o),3,835
257,ox/io/CHelpIO.cpp,libox.a(CHelpIO.o),23,2787
258,ox/io/CMemReadFile.cpp,libox.a(CMemReadFile.o),17,503
259,ox/io/CMemWriteFile.cpp,libox.a(CMemWriteFile.o),16,660
260,ox/net/CHTTPConnectionHandler.cpp,libox.a(CHTTPConnectionHandler.o),23,5923
261,ox/net/CVariablePacket.cpp,libox.a(CVariablePacket.o),32,1790
262,ox/odebug/TextDump.cpp,libox.a(TextDump.o),2,196
263,ox/gui/IGUIElement.cpp,libox.a(IGUIElement.o),2,227
