adduser	3.112ubuntu1
apt	0.7.25.3ubuntu7
base-files	5.0.0ubuntu20
base-passwd	3.5.22
bash	4.1-2ubuntu3
binutils	2.20.1-3ubuntu5
bsdutils	1:2.17.2-0ubuntu1
busybox-initramfs	1:1.13.3-1ubuntu11
coreutils	7.4-2ubuntu2
cpio	2.10-1ubuntu2
cpp-4.4	4.4.3-4ubuntu5
dash	0.5.5.1-3ubuntu2
debconf	1.5.28ubuntu4
debconf-i18n	1.5.28ubuntu4
debianutils	3.2.2
defoma	0.11.10-4ubuntu1
diffutils	1:2.8.1-18
dpkg	1.15.5.6ubuntu4
e2fslibs	1.41.11-1ubuntu2
e2fsprogs	1.41.11-1ubuntu2
file	5.03-5ubuntu1
findutils	4.4.2-1ubuntu1
fontconfig	2.8.0-2ubuntu1
fontconfig-config	2.8.0-2ubuntu1
g++-4.4	4.4.3-4ubuntu5
g++-4.4-multilib	4.4.3-4ubuntu5
gcc-4.4	4.4.3-4ubuntu5
gcc-4.4-base	4.4.3-4ubuntu5
gcc-4.4-multilib	4.4.3-4ubuntu5
gpgv	1.4.10-2ubuntu1
grep	2.5.4-4build1
gzip	1.3.12-9ubuntu1
hostname	3.03ubuntu1
ifupdown	0.6.8ubuntu29
initramfs-tools	0.92bubuntu78
initramfs-tools-bin	0.92bubuntu78
initscripts	2.87dsf-4ubuntu17
insserv	1.12.0-14
klibc-utils	1.5.17-4ubuntu1
lib32gcc1	1:4.4.3-4ubuntu5
lib32gomp1	4.4.3-4ubuntu5
lib32stdc++6	4.4.3-4ubuntu5
libacl1	2.2.49-2
libalut-dev	1.1.0-2
libalut0	1.1.0-2
libatk1.0-0	1.30.0-0ubuntu2
libatk1.0-dev	1.30.0-0ubuntu2
libattr1	1:2.4.44-1
libavahi-client3	0.6.25-1ubuntu6
libavahi-common-data	0.6.25-1ubuntu6
libavahi-common3	0.6.25-1ubuntu6
libblkid1	2.17.2-0ubuntu1
libbz2-1.0	1.0.5-4
libc-bin	2.11.1-0ubuntu7
libc-dev-bin	2.11.1-0ubuntu7
libc6	2.11.1-0ubuntu7
libc6-dev	2.11.1-0ubuntu7
libc6-dev-i386	2.11.1-0ubuntu7
libc6-i386	2.11.1-0ubuntu7
libcairo2	1.8.10-2ubuntu1
libcairo2-dev	1.8.10-2ubuntu1
libcomerr2	1.41.11-1ubuntu2
libcups2	1.4.3-1
libdatrie1	0.2.2-3
libdb4.8	4.8.24-1ubuntu1
libdbus-1-3	1.2.16-2ubuntu4
libdirectfb-1.2-0	1.2.8-5ubuntu2
libdirectfb-dev	1.2.8-5ubuntu2
libdirectfb-extra	1.2.8-5ubuntu2
libdrm-dev	2.4.18-1ubuntu3
libdrm-intel1	2.4.18-1ubuntu3
libdrm-nouveau1	2.4.18-1ubuntu3
libdrm-radeon1	2.4.18-1ubuntu3
libdrm2	2.4.18-1ubuntu3
libexpat1	2.0.1-7ubuntu1
libexpat1-dev	2.0.1-7ubuntu1
libfontconfig1	2.8.0-2ubuntu1
libfontconfig1-dev	2.8.0-2ubuntu1
libfreetype6	2.3.11-1ubuntu2
libfreetype6-dev	2.3.11-1ubuntu2
libgcc1	1:4.4.3-4ubuntu5
libgcrypt11	1.4.4-5ubuntu2
libgdbm3	1.8.3-9
libgl1-mesa-dev	7.7.1-1ubuntu2
libgl1-mesa-glx	7.7.1-1ubuntu2
libglib2.0-0	2.24.0-0ubuntu4
libglib2.0-dev	2.24.0-0ubuntu4
libglu1-mesa	7.7.1-1ubuntu2
libglu1-mesa-dev	7.7.1-1ubuntu2
libgmp3c2	2:4.3.2+dfsg-1ubuntu1
libgnutls26	2.8.5-2
libgomp1	4.4.3-4ubuntu5
libgpg-error0	1.6-1ubuntu2
libgssapi-krb5-2	1.8.1+dfsg-2
libgtk2.0-0	2.20.0-0ubuntu4
libgtk2.0-common	2.20.0-0ubuntu4
libgtk2.0-dev	2.20.0-0ubuntu4
libice-dev	2:1.0.6-1
libice6	2:1.0.6-1
libjasper1	1.900.1-7
libjpeg62	6b-15ubuntu1
libjpeg62-dev	6b-15ubuntu1
libk5crypto3	1.8.1+dfsg-2
libkeyutils1	1.2-12
libklibc	1.5.17-4ubuntu1
libkrb5-3	1.8.1+dfsg-2
libkrb5support0	1.8.1+dfsg-2
liblocale-gettext-perl	1.05-6
libmagic1	5.03-5ubuntu1
libmpfr1ldbl	2.4.2-3ubuntu1
libncurses5	5.7+20090803-2ubuntu3
libnewt0.52	0.52.10-5ubuntu1
libnih-dbus1	1.0.1-1
libnih1	1.0.1-1
libogg-dev	1.1.4~dfsg-2
libogg0	1.1.4~dfsg-2
libopenal-dev	1:1.11.753-1
libopenal1	1:1.11.753-1
libpam-modules	1.1.1-2ubuntu2
libpam-runtime	1.1.1-2ubuntu2
libpam0g	1.1.1-2ubuntu2
libpango1.0-0	1.28.0-0ubuntu2
libpango1.0-common	1.28.0-0ubuntu2
libpango1.0-dev	1.28.0-0ubuntu2
libpcre3	7.8-3build1
libpixman-1-0	0.16.4-1ubuntu2
libpixman-1-dev	0.16.4-1ubuntu2
libplymouth2	0.8.2-2ubuntu2
libpng12-0	1.2.42-1ubuntu2
libpng12-dev	1.2.42-1ubuntu2
libpopt0	1.15-1
libpthread-stubs0	0.3-2
libpthread-stubs0-dev	0.3-2
libreadline6	6.1-1
libselinux1	2.0.89-4
libsepol1	2.0.40-2
libslang2	2.2.2-2ubuntu1
libsm-dev	2:1.1.1-1
libsm6	2:1.1.1-1
libss2	1.41.11-1ubuntu2
libssl0.9.8	0.9.8k-7ubuntu8
libstdc++6	4.4.3-4ubuntu5
libstdc++6-4.4-dev	4.4.3-4ubuntu5
libsysfs-dev	2.1.0-6
libsysfs2	2.1.0-6
libtasn1-3	2.4-1
libtext-charwidth-perl	0.04-6
libtext-iconv-perl	1.7-2
libtext-wrapi18n-perl	0.06-7
libthai-data	0.1.13-1build1
libthai0	0.1.13-1build1
libtiff4	3.9.2-2
libts-0.0-0	1.0-7build1
libudev0	151-12
libusb-0.1-4	2:0.1.12-14
libuuid1	2.17.2-0ubuntu1
libvorbis-dev	1.2.3-3ubuntu1
libvorbis0a	1.2.3-3ubuntu1
libvorbisenc2	1.2.3-3ubuntu1
libvorbisfile3	1.2.3-3ubuntu1
libx11-6	2:1.3.2-1ubuntu3
libx11-data	2:1.3.2-1ubuntu3
libx11-dev	2:1.3.2-1ubuntu3
libxau-dev	1:1.0.5-1
libxau6	1:1.0.5-1
libxcb-render-util0	0.3.6-1build1
libxcb-render-util0-dev	0.3.6-1build1
libxcb-render0	1.5-2
libxcb-render0-dev	1.5-2
libxcb1	1.5-2
libxcb1-dev	1.5-2
libxcomposite-dev	1:0.4.1-1
libxcomposite1	1:0.4.1-1
libxcursor-dev	1:1.1.10-1
libxcursor1	1:1.1.10-1
libxdamage-dev	1:1.1.2-1
libxdamage1	1:1.1.2-1
libxdmcp-dev	1:1.0.3-1
libxdmcp6	1:1.0.3-1
libxext-dev	2:1.1.1-2
libxext6	2:1.1.1-2
libxfixes-dev	1:4.0.4-1
libxfixes3	1:4.0.4-1
libxft-dev	2.1.14-1ubuntu1
libxft2	2.1.14-1ubuntu1
libxi-dev	2:1.3-3
libxi6	2:1.3-3
libxinerama-dev	2:1.1-2
libxinerama1	2:1.1-2
libxml2	2.7.6.dfsg-1ubuntu1
libxml2-utils	2.7.6.dfsg-1ubuntu1
libxrandr-dev	2:1.3.0-3
libxrandr2	2:1.3.0-3
libxrender-dev	1:0.9.5-1
libxrender1	1:0.9.5-1
libxxf86vm1	1:1.1.0-2
linux-libc-dev	2.6.32-21.32
locales	2.11+git20100304-3
login	1:4.1.4.2-1ubuntu2
lsb-base	4.0-0ubuntu8
lzma	4.43-14ubuntu2
make	3.81-7ubuntu1
makedev	2.3.1-89ubuntu1
mawk	1.3.3-15ubuntu2
mesa-common-dev	7.7.1-1ubuntu2
module-init-tools	3.11.1-2ubuntu1
mount	2.17.2-0ubuntu1
mountall	2.14
ncurses-base	5.7+20090803-2ubuntu3
ncurses-bin	5.7+20090803-2ubuntu3
net-tools	1.60-23ubuntu2
netbase	4.35ubuntu3
passwd	1:4.1.4.2-1ubuntu2
perl	5.10.1-8ubuntu2
perl-base	5.10.1-8ubuntu2
perl-modules	5.10.1-8ubuntu2
pkg-config	0.22-1build2
plymouth	0.8.2-2ubuntu2
procps	1:3.2.8-1ubuntu4
python-minimal	2.6.5-0ubuntu1
python2.6-minimal	2.6.5-1ubuntu6
readline-common	6.1-1
sed	4.2.1-6
sensible-utils	0.0.1ubuntu3
shared-mime-info	0.71-1ubuntu2
sysv-rc	2.87dsf-4ubuntu17
sysvinit-utils	2.87dsf-4ubuntu17
tar	1.22-2
tsconf	1.0-7build1
ttf-dejavu-core	2.30-2
tzdata	2010i-1
ucf	3.0025
udev	151-12
upstart	0.6.5-6
util-linux	2.17.2-0ubuntu1
whiptail	0.52.10-5ubuntu1
x11-common	1:7.5+5ubuntu1
x11proto-composite-dev	1:0.4.1-1
x11proto-core-dev	7.0.16-1
x11proto-damage-dev	1:1.2.0-1
x11proto-fixes-dev	1:4.1.1-2
x11proto-input-dev	2.0-2
x11proto-kb-dev	1.0.4-1
x11proto-randr-dev	1.3.1-1
x11proto-render-dev	2:0.11-1
x11proto-xext-dev	7.1.1-2
x11proto-xinerama-dev	1.2-2
xtrans-dev	1.2.5-1
zlib1g	1:1.2.3.3.dfsg-15ubuntu1
zlib1g-dev	1:1.2.3.3.dfsg-15ubuntu1
